Workbook

Sheet API_Data
A1: CurrencyCode | B1: RateToUSD | C1: Target Currency
A2: USDAED | B2: 3.672504 | C2: =RIGHT(latest?base_USD_access_key_98bcfc113a4cc88197d6258c2cbd86be[[#This Row],[CurrencyCode]],3) -> AED
A3: USDAFN | B3: 65.503991 | C3: =RIGHT(latest?base_USD_access_key_98bcfc113a4cc88197d6258c2cbd86be[[#This Row],[CurrencyCode]],3) -> AFN
A4: USDALL | B4: 83.072963 | C4: =RIGHT(latest?base_USD_access_key_98bcfc113a4cc88197d6258c2cbd86be[[#This Row],[CurrencyCode]],3) -> ALL
A5: USDAMD | B5: 376.9804 | C5: =RIGHT(latest?base_USD_access_key_98bcfc113a4cc88197d6258c2cbd86be[[#This Row],[CurrencyCode]],3) -> AMD
A6: USDANG | B6: 1.790083 | C6: =RIGHT(latest?base_USD_access_key_98bcfc113a4cc88197d6258c2cbd86be[[#This Row],[CurrencyCode]],3) -> ANG
A7: USDAOA | B7: 917.00037 | C7: =RIGHT(latest?base_USD_access_key_98bcfc113a4cc88197d6258c2cbd86be[[#This Row],[CurrencyCode]],3) -> AOA
A8: USDARS | B8: 1386.4204 | C8: =RIGHT(latest?base_USD_access_key_98bcfc113a4cc88197d6258c2cbd86be[[#This Row],[CurrencyCode]],3) -> ARS
A9: USDAUD | B9: 1.448436 | C9: =RIGHT(latest?base_USD_access_key_98bcfc113a4cc88197d6258c2cbd86be[[#This Row],[CurrencyCode]],3) -> AUD
A10: USDAWG | B10: 1.80025 | C10: =RIGHT(latest?base_USD_access_key_98bcfc113a4cc88197d6258c2cbd86be[[#This Row],[CurrencyCode]],3) -> AWG
A11: USDAZN | B11: 1.70397 | C11: =RIGHT(latest?base_USD_access_key_98bcfc113a4cc88197d6258c2cbd86be[[#This Row],[CurrencyCode]],3) -> AZN
A12: USDBAM | B12: 1.695072 | C12: =RIGHT(latest?base_USD_access_key_98bcfc113a4cc88197d6258c2cbd86be[[#This Row],[CurrencyCode]],3) -> BAM
A13: USDBBD | B13: 2.009612 | C13: =RIGHT(latest?base_USD_access_key_98bcfc113a4cc88197d6258c2cbd86be[[#This Row],[CurrencyCode]],3) -> BBD
... A172: USDZWL | B172: 321.99959 | C172: =RIGHT(latest?base_USD_access_key_98bcfc113a4cc88197d6258c2cbd86be[[#This Row],[CurrencyCode]],3) -> ZWL

Sheet Sheet1
A1: InvoiceID | B1: Customer | C1: Amount_USD | D1: Amount_TargetCurrency | E1: Using Index and Match | F1: High_value_Invoices
A2: I001 | B2: Asha | C2: 1200 | D2: =ROUND($C2*_xlfn.XLOOKUP($B$9,API_Data!C:C,API_Data!B:B,""),2) -> 111287.94 | E2: =ROUND($C2 * INDEX(API_Data!B:B,MATCH(Sheet1!$B$9,API_Data!C:C)),2) -> 111287.94 | F2: =IF(C2>=MEDIAN(C2:C6),"HighValue","Normal") -> HighValue
A3: I002 | B3: Rohit | C3: 850 | D3: =ROUND($C3*_xlfn.XLOOKUP($B$9,API_Data!C:C,API_Data!B:B,""),2) -> 78828.96 | E3: =ROUND($C3 * INDEX(API_Data!B:B,MATCH(Sheet1!$B$9,API_Data!C:C)),2) -> 78828.96 | F3: =IF(C3>=MEDIAN(C3:C7),"HighValue","Normal") -> Normal
A4: I003 | B4: Lakshmi | C4: 2000 | D4: =ROUND($C4*_xlfn.XLOOKUP($B$9,API_Data!C:C,API_Data!B:B,""),2) -> 185479.9 | E4: =ROUND($C4 * INDEX(API_Data!B:B,MATCH(Sheet1!$B$9,API_Data!C:C)),2) -> 185479.9 | F4: =IF(C4>=MEDIAN(C4:C8),"HighValue","Normal") -> HighValue
A5: I004 | B5: Imran | C5: 450 | D5: =ROUND($C5*_xlfn.XLOOKUP($B$9,API_Data!C:C,API_Data!B:B,""),2) -> 41732.98 | E5: =ROUND($C5 * INDEX(API_Data!B:B,MATCH(Sheet1!$B$9,API_Data!C:C)),2) -> 41732.98 | F5: =IF(C5>=MEDIAN(C5:C9),"HighValue","Normal") -> Normal
A6: I005 | B6: Neha | C6: 1750 | D6: =ROUND($C6*_xlfn.XLOOKUP($B$9,API_Data!C:C,API_Data!B:B,""),2) -> 162294.91 | E6: =ROUND($C6 * INDEX(API_Data!B:B,MATCH(Sheet1!$B$9,API_Data!C:C)),2) -> 162294.91 | F6: =IF(C6>=MEDIAN(C6:C10),"HighValue","Normal") -> HighValue
F7: IF(C2>=MEDIAN(C2:C6),"HighValue","Normal")
B9: INR | E9: Formulas
D10: =INDEX(B2:B6,MATCH(MAX(C2:C6),C2:C6,0)) -> Lakshmi | E10: INDEX(B2:B6,MATCH(MAX(C2:C6),C2:C6,0))
D11: {=COUNT(IF((C2:C6>1500)+(D2:D6>100000),1))} -> 3 | E11: COUNT(IF((C2:C6>1500)+(D2:D6>100000),1))
D12: {=COUNTA(_xlfn._xlws.FILTER(C2:C6, (C2:C6>1500) + (D2:D6>100000)))} -> 3 | E12: COUNTA(FILTER(C2:C6, (C2:C6>1500) + (D2:D6>100000)))
D13: =COUNTIFS(C2:C6,">1500") + COUNTIFS(D2:D6,">100000") - COUNTIFS(C2:C6,">1500",D2:D6,">100000") -> 3 | E13: COUNTIFS(C2:C6,">1500") + COUNTIFS(D2:D6,">100000") - COUNTIFS(C2:C6,">1500",D2:D6,">100000")
